Ort/Flughafen,2018-01-01 00:00:00,2018-02-01 00:00:00,2018-03-01 00:00:00,2018-04-01 00:00:00,2018-05-01 00:00:00,2018-06-01 00:00:00,2018-07-01 00:00:00,2018-08-01 00:00:00,2018-09-01 00:00:00,2018-10-01 00:00:00,2018-11-01 00:00:00,2018-12-01 00:00:00,2019-01-01 00:00:00,2019-02-01 00:00:00,2019-03-01 00:00:00,2019-04-01 00:00:00,2019-05-01 00:00:00,2019-06-01 00:00:00,2019-07-01 00:00:00,2019-08-01 00:00:00,2019-09-01 00:00:00,2019-10-01 00:00:00,2019-11-01 00:00:00,2019-12-01 00:00:00,2020-01-01 00:00:00,2020-02-01 00:00:00,2020-03-01 00:00:00,2020-04-01 00:00:00,2020-05-01 00:00:00,2020-06-01 00:00:00,2020-07-01 00:00:00,2020-08-01 00:00:00,2020-09-01 00:00:00,2020-10-01 00:00:00,2020-11-01 00:00:00,2020-12-01 00:00:00,2021-01-01 00:00:00,2021-02-01 00:00:00,2021-03-01 00:00:00,2021-04-01 00:00:00,2021-05-01 00:00:00,2021-06-01 00:00:00,2021-07-01 00:00:00,2021-08-01 00:00:00,2021-09-01 00:00:00,April19,April20,April21
Aarhus,0,0,0,0,0,0,0,0,0,0,0,0,0,0,0,0,0,0,0,0,0,0,0,0,0,0,0,0,0,0,0,0,0,0,27,0,0,0,0,0,0,0,0,0,0,0,0,0
Abu Dhabi,5743,6135,5749,6422,7052,7066,8990,8060,6372,7283,4287,7002,4202,5068,4423,7973,7268,7818,8501,7810,6579,8088,5527,7396,5831,5930,2012,0,5,37,147,208,181,146,130,395,225,437,208,496,892,398,1700,2981,1800,7973,0,496
Addis Ababa,0,0,0,0,0,0,0,0,0,0,0,0,0,50,0,0,0,0,0,0,0,0,0,0,0,0,0,0,0,0,0,0,0,0,0,0,0,0,0,0,0,0,0,0,0,0,0,0
Adler/Sochi,0,0,93,0,0,0,0,0,0,0,0,0,0,156,0,0,0,0,0,0,0,0,0,0,0,0,0,0,0,0,0,0,46,0,0,0,0,0,0,0,0,0,0,0,45,0,0,0
Al Massira,434,432,437,486,331,353,533,644,466,434,439,349,416,389,386,411,0,0,0,0,0,0,0,0,0,0,0,0,0,0,0,0,0,0,0,0,0,0,0,0,0,0,0,0,0,411,0,0
Alger,0,0,0,0,0,0,0,0,0,0,0,0,0,0,0,0,0,0,0,0,0,0,0,0,0,0,0,0,0,0,1,6,0,5,1,0,0,0,0,0,0,0,0,0,0,0,0,0
Alicante,328,571,2025,2846,3266,2973,3367,2796,3205,2773,997,1128,228,631,1751,3644,2798,3681,3895,3661,4011,3066,380,1166,322,666,678,0,0,0,1608,957,0,0,0,0,0,0,158,707,1787,1598,4809,4147,3686,3644,0,707
Amman,874,885,1173,1560,852,1225,1988,1917,935,1353,757,879,795,898,1074,1511,490,1297,1325,1449,762,1457,803,950,754,670,351,0,0,0,0,0,0,0,0,0,0,0,0,0,0,0,0,0,0,1511,0,0
Amsterdam,35382,34915,42829,45097,43859,43258,42955,44179,42374,44608,38521,38343,34658,34434,39907,44619,44142,43508,43875,43649,41200,43006,38099,41036,35820,34942,16356,1007,2170,4552,10252,14527,12463,5642,6245,8946,4241,1966,2949,4235,4616,6523,16809,20344,20681,44619,1007,4235
Anchorage,0,0,0,0,0,0,0,0,155,0,0,0,0,0,0,0,0,0,0,0,0,0,0,0,0,0,0,0,0,0,0,0,0,0,0,0,0,0,0,0,0,0,0,0,0,0,0,0
Ankara,0,0,0,0,0,210,714,677,199,0,0,0,0,0,0,0,0,393,892,464,267,0,0,0,0,0,0,326,0,0,755,279,59,0,0,0,0,0,0,0,0,0,864,385,131,0,326,0
Antalya,759,1752,2842,9801,10549,10502,20785,18557,20126,25482,4252,2530,1686,2582,4165,14264,12172,15408,26936,20189,22731,25784,3974,2751,1866,3107,1240,0,0,636,8551,9979,11548,15846,1775,1389,408,701,1528,2360,1235,4530,21652,16392,14572,14264,0,2360
Antwerpen,176,472,717,662,895,827,897,1027,0,0,0,0,0,0,0,0,0,0,0,0,0,0,0,0,0,0,0,0,0,0,0,0,0,0,0,0,0,0,0,0,0,0,0,0,0,0,0,0
Aqaba,0,0,0,0,84,0,0,0,0,0,0,0,0,0,0,0,0,0,0,0,0,0,0,0,0,0,0,0,0,0,0,0,0,0,0,0,0,0,0,0,0,0,0,0,0,0,0,0
Astrakhan,0,0,0,0,0,0,0,0,205,0,0,0,0,0,0,0,0,0,0,0,279,0,0,0,0,0,0,0,0,0,0,0,0,0,0,0,0,0,0,0,0,0,0,0,0,0,0,0
Athen,12982,13547,20973,22329,22965,22882,25765,21655,21922,19885,14653,19669,12856,13651,20263,21711,21600,22270,28137,24152,22268,20586,16223,20603,13852,14287,6905,446,1198,4845,12745,10394,9152,10043,2137,3302,1768,1646,1858,2578,6840,10241,19096,14406,15194,21711,446,2578
Atlanta,0,0,0,0,1992,5682,6758,6296,4227,0,0,0,0,0,0,0,2134,5477,6704,6421,1990,0,0,0,0,0,0,0,0,0,0,0,0,0,0,0,0,0,0,0,0,0,0,0,0,0,0,0
Bacau,0,0,0,0,0,120,0,0,0,0,0,0,0,0,0,0,0,0,0,0,0,0,0,0,0,0,0,0,0,0,0,0,0,0,0,0,0,0,0,0,0,0,0,0,0,0,0,0
Bahrain,0,0,0,0,0,0,0,0,0,0,0,0,0,0,0,0,0,0,0,0,0,0,0,0,0,0,0,0,0,0,0,0,0,0,45,0,0,0,111,0,0,0,0,0,0,0,0,0
Baku,0,0,0,0,0,0,0,0,0,0,0,0,0,0,0,0,0,0,0,0,0,33,0,0,0,0,0,0,0,0,0,0,0,0,0,0,0,0,0,0,0,276,0,0,0,0,0,0
Barcelona,15837,20836,29079,30252,30832,29674,37075,30844,32430,30343,21223,22408,17070,20177,26001,30883,28803,30027,36212,32941,33114,28481,21168,22848,18541,20754,7999,69,198,1223,7245,2379,985,925,964,2526,1673,582,1393,3946,5571,8058,17582,15783,15356,30883,69,3946
Bari,0,0,412,2068,2138,2098,2131,1999,2380,1489,0,0,0,0,0,1920,2320,2096,2552,2104,2193,1539,0,0,0,0,0,0,0,0,0,0,0,0,0,0,0,0,0,0,0,96,1226,852,928,1920,0,0
Basel,0,0,0,0,250,0,0,0,166,0,0,123,0,183,0,0,0,0,0,0,0,271,0,0,0,0,0,0,0,0,0,0,0,0,0,0,0,0,0,0,0,0,0,0,0,0,0,0
Basel Mühlhausen,0,0,0,0,0,0,0,0,0,0,0,0,0,0,0,0,0,0,0,0,0,0,0,0,0,177,0,0,0,0,139,0,0,0,0,0,0,0,0,0,0,0,136,2850,0,0,0,0
Beijing,4119,5343,7249,7761,8390,9315,10242,10032,8250,9033,3809,3382,2925,3174,3508,7866,9185,9025,10046,9870,8146,8079,3722,3225,3058,0,0,0,0,0,0,0,0,0,0,0,0,0,0,0,0,0,0,0,0,7866,0,0
Beirut,573,738,934,1223,843,1004,2620,1708,1273,981,687,1184,796,744,532,829,599,900,1806,1350,992,788,256,707,301,0,0,0,0,0,0,0,0,0,0,294,29,0,0,0,0,0,1811,926,359,829,0,0
Beograd,10930,11316,14515,19544,18947,17114,22411,16410,16286,17091,12594,15440,10587,11928,13523,20376,19093,18273,26813,18878,19289,19531,13601,15921,11723,12427,3825,0,1025,7292,3813,3286,11380,13403,6322,4262,2347,3531,1699,3005,6324,11060,19321,13853,11105,20376,0,3005
Bergen,0,0,0,0,0,377,814,792,0,0,0,0,0,0,0,0,0,401,913,711,0,0,0,0,0,0,0,0,0,0,0,0,0,0,0,0,0,0,0,0,0,0,0,0,0,0,0,0
Berlin,34225,38736,48750,58849,55262,56167,58663,55588,59755,61914,52950,52672,42970,44261,53232,52277,50483,48820,51259,44617,47797,50151,45412,49654,40506,40735,18126,493,1154,5991,18715,19422,18006,11585,3456,5949,4520,2186,2885,3284,4300,8078,18217,21261,23136,52277,493,3284
Bilbao,837,916,1439,2120,2131,2054,2204,1859,2415,1660,837,1101,498,511,1026,1645,1866,2161,1929,1997,1540,1453,1059,1248,626,937,354,0,0,0,389,262,0,0,0,259,30,0,0,187,173,569,2011,1870,1830,1645,0,187
Billund,0,0,0,0,0,0,0,0,0,0,0,0,0,0,53,0,0,0,0,0,0,0,0,0,0,0,0,0,0,0,0,0,0,0,0,0,0,0,0,0,0,0,626,556,0,0,0,0
Birmingham,4339,4285,3606,4571,3880,3704,4370,4601,4762,3938,4065,4301,4106,4117,3499,4071,3592,3736,4450,4520,4480,3750,3714,4137,4477,4455,1053,0,0,0,38,0,0,0,0,0,0,0,0,0,0,0,57,0,557,4071,0,0
Bogota,0,0,0,0,0,0,0,0,0,0,0,0,0,0,0,0,0,0,0,0,0,0,0,0,0,0,32,0,0,0,0,0,0,0,0,0,0,0,0,0,0,0,0,0,0,0,0,0
Bombay,4845,4520,4450,3790,5385,6664,6805,5303,4894,6233,5838,6799,5810,4868,3809,4764,6118,6737,6881,5375,4996,6501,6447,6754,5685,3818,755,0,0,0,2,0,0,0,0,0,0,0,0,0,0,0,0,0,0,4764,0,0
Bordeaux,0,0,547,2964,3255,3195,4035,4248,3278,3160,3174,3237,2655,3008,3759,3679,3581,3531,4147,4305,3722,3429,3098,2775,2079,2119,1094,0,0,0,0,0,0,0,0,0,0,0,0,0,0,312,2986,3032,1706,3679,0,0
Boston,5261,3717,5292,5622,5620,6932,12627,12208,11295,11932,4917,5146,5285,3759,5357,5481,5615,9879,12505,12534,11470,11637,4933,5525,5507,4160,1192,0,0,0,0,0,0,262,272,337,361,0,0,0,224,978,2722,4784,3829,5481,0,0
Bourgas,0,0,0,0,0,195,1180,806,25,0,0,0,0,0,0,0,0,92,638,500,24,0,0,0,0,0,0,0,0,0,0,0,0,0,0,0,0,0,0,0,0,0,0,0,0,0,0,0
Brac,0,0,0,0,0,0,0,0,0,0,0,0,0,0,0,0,0,0,0,0,0,0,0,0,0,0,0,0,0,0,34,0,0,0,0,0,0,0,0,0,0,0,0,0,0,0,0,0
Bratislava,0,0,0,0,0,0,0,0,0,0,0,0,0,0,0,0,0,0,0,0,0,0,0,0,0,0,0,0,0,0,0,0,36,0,0,0,0,0,0,0,0,0,0,0,0,0,0,0
Braunschweig,0,0,0,0,0,0,0,0,0,0,0,0,314,0,0,0,0,35,0,0,0,0,0,0,133,93,0,0,0,0,0,0,0,0,0,0,0,0,0,0,0,0,0,0,0,0,0,0
Braunschweig-Wolfsburg,0,0,0,0,0,47,0,0,0,0,0,0,0,0,0,0,0,0,0,0,0,0,0,0,0,0,0,0,0,0,0,0,0,0,0,0,0,0,0,0,0,0,0,0,0,0,0,0
Bremen,0,0,0,0,0,0,0,0,0,262,2528,2731,2356,2372,2917,3882,3195,3348,3502,3294,3397,3919,3331,3714,2791,2851,1038,0,0,0,0,0,0,0,0,0,0,0,0,0,0,0,0,0,0,3882,0,0
Brindisi,0,0,528,2362,2417,3147,4978,4329,3855,2714,715,942,496,476,962,2772,3346,3648,6189,4824,3941,2547,642,1145,698,398,156,0,0,993,5810,4976,5112,3255,100,418,67,0,0,82,729,3091,9497,7078,6829,2772,0,82
Bristol,0,0,163,0,0,0,0,0,0,0,0,0,0,0,0,0,0,0,0,0,0,0,0,0,0,0,0,0,0,0,0,0,0,0,0,0,0,0,0,0,0,0,0,0,0,0,0,0
Bruxelles,10982,10386,12399,12297,13307,12774,13543,13084,13726,13274,13848,12343,11604,10856,13686,14234,13015,13285,14423,13984,14275,13211,14826,13533,12458,11870,4535,17,0,570,2507,1711,1114,419,486,983,846,339,428,532,949,1259,5148,7428,6988,14234,17,532
Bucuresti,3043,3062,3555,4144,4156,4193,4611,4586,4689,4258,3386,4341,3065,3054,3795,4725,4324,4891,6662,6260,5019,4691,3788,4725,3476,3301,1495,0,0,994,2984,1463,418,328,425,1290,681,694,1016,1382,1806,3870,6856,6476,5343,4725,0,1382
Budapest,6834,7043,9503,10647,10277,9879,11265,10265,9999,9864,8942,9081,6835,7004,9358,10416,10831,10404,11558,10658,10144,9959,8480,9008,6777,7998,2741,0,0,886,4141,4459,451,150,0,311,242,0,0,120,238,2392,3806,4728,4065,10416,0,120
Buenos Aires,0,0,0,0,0,0,0,0,0,0,1817,2475,2354,2320,2151,1696,1806,2475,2578,2213,2605,2438,2360,2531,2566,2354,1126,0,0,0,0,0,0,0,3,0,0,137,163,529,466,846,1876,2272,2231,1696,0,529
Cagliari,0,0,157,864,1648,3425,3417,2620,3559,1495,125,596,175,0,0,891,1153,2884,3203,2436,2971,1095,0,0,0,0,0,0,0,0,1956,955,1015,415,0,0,0,0,0,0,362,1817,2555,1407,1911,891,0,0
Cairo,1687,1957,2116,2229,1685,2474,2945,3233,2421,2105,2319,2629,2064,2436,2492,2378,2053,2375,3020,2201,2146,2567,2344,2636,2038,2048,661,0,0,1,0,0,0,0,0,0,26,0,0,0,0,168,3016,1037,1225,2378,0,0
Calgary,0,0,0,0,0,1858,2590,2603,961,0,0,0,0,0,0,0,312,1692,2321,2098,868,0,0,0,0,0,0,0,0,0,0,0,0,0,0,0,0,0,0,0,0,0,0,0,0,0,0,0
Calvi,0,0,0,0,292,258,401,242,382,76,0,0,0,0,0,0,118,379,378,247,377,68,0,0,0,0,0,0,0,0,0,0,0,0,0,0,0,0,0,0,0,0,0,0,0,0,0,0
Cancun,2419,2275,2550,2273,2405,2540,4094,3364,2097,3854,3339,3934,3540,3363,3294,3778,2552,2597,3869,3049,1978,3534,3862,3767,3912,3839,1860,9,0,0,0,0,0,1311,1160,1256,2625,2288,2787,2685,972,1056,2639,2782,1760,3778,9,2685
Cape Town,3753,3659,3826,3180,612,0,0,0,927,5587,4942,4583,5196,4398,4013,3592,1148,0,0,0,1238,5211,4671,5217,5469,4676,1952,0,0,0,0,0,0,0,116,671,58,0,0,0,0,0,0,0,0,3592,0,0
Casablanca,1041,809,1017,1483,964,1215,2373,2201,839,941,536,1004,894,987,748,859,685,835,1532,726,893,926,834,1126,683,567,401,0,0,0,0,0,0,72,164,0,0,0,0,0,0,0,0,0,0,859,0,0
Catania,1695,1556,2282,4797,4276,4637,5147,4375,4259,3532,2126,2689,2036,1631,3045,4546,4082,4605,4220,4035,4569,3923,1231,818,1677,716,461,0,0,1265,3592,2507,2541,1872,145,186,0,0,53,0,137,896,3158,2392,2032,4546,0,0
Chania,0,0,0,158,760,591,606,747,593,442,0,0,0,0,0,0,983,1095,1380,1371,1363,733,0,0,0,0,0,0,0,0,594,471,445,345,0,0,0,0,0,0,422,653,1091,914,725,0,0,0
Chengdu,0,0,0,0,0,227,665,887,630,891,784,1533,994,1067,1137,1365,1256,1384,1867,1115,0,0,0,0,0,0,0,0,0,0,0,0,0,0,0,0,0,0,0,0,0,0,0,0,0,1365,0,0
Chicago,6291,4287,7496,9635,8532,12334,14573,13784,12658,11712,6087,5901,5871,4121,6254,7949,8963,11876,14132,13790,12133,11292,5942,5995,6058,4640,2110,0,0,550,879,1443,779,501,265,468,611,267,459,622,1008,2057,5076,8086,6279,7949,0,622
Colombo,0,0,0,0,0,0,0,0,0,0,2399,2747,2689,2455,2674,2032,110,0,0,0,0,311,2558,2403,2785,2727,853,0,0,0,0,0,0,0,0,0,0,0,0,0,0,0,0,0,0,2032,0,0
Constanta,0,0,0,149,0,135,0,0,0,0,0,0,0,0,0,137,0,152,0,148,116,0,0,0,0,0,0,0,0,0,0,0,0,0,0,0,0,0,0,0,0,0,0,93,0,137,0,0
Cork,0,0,0,0,966,1329,1679,1559,1213,1144,0,0,0,0,0,573,1721,1803,2335,1929,1950,1196,0,0,0,0,0,0,0,0,116,37,0,0,0,0,0,0,0,0,0,0,390,912,224,573,0,0
Dalaman,0,0,0,0,0,0,477,722,582,325,0,0,0,0,0,0,0,0,492,706,584,457,0,0,0,0,0,0,0,0,606,251,327,315,0,0,0,0,0,0,0,0,751,290,325,0,0,0
Dallas/Fort Worth,0,0,0,0,0,0,0,0,0,0,0,0,0,0,0,0,0,0,0,0,0,0,0,0,0,0,0,0,0,0,0,0,0,0,0,0,0,0,0,44,0,0,0,0,0,0,0,44
Dar Es Salaam,4393,4139,3695,3914,3372,4526,5948,5488,4923,4870,3964,5354,4524,4048,3822,3851,3740,5470,5923,5618,5006,4565,4615,5084,4534,4627,1675,0,0,0,120,112,517,373,0,0,0,0,0,0,0,0,0,0,0,3851,0,0
Denver,0,0,0,0,0,1853,2541,2367,1081,0,0,0,0,0,0,0,633,1742,2244,1875,144,0,0,0,0,0,0,0,0,0,0,0,0,0,0,0,0,0,0,0,47,0,0,0,0,0,0,0
Djerba,87,298,479,846,1146,833,1889,874,1339,1214,0,0,0,0,0,1605,1616,2219,2460,1912,2674,2056,0,0,0,0,0,0,0,48,1042,413,406,178,0,0,0,0,0,391,0,126,1986,446,486,1605,0,391
Doha,0,0,0,0,0,0,0,0,0,0,0,0,9864,9920,8652,13151,10396,11341,14834,12249,10679,12850,9429,12462,10237,10469,4517,293,179,508,708,765,902,1389,1546,2327,1813,2258,1580,1389,1222,1297,3787,4466,3885,13151,293,1389
Domodedovo International,7441,6162,7707,8083,8677,10817,10341,9968,9157,7200,6569,7983,7466,5916,7296,8010,9156,8644,10494,9890,9049,8233,7312,7817,8151,6835,2402,0,0,0,0,867,1647,1789,1249,2583,1659,1767,1956,2581,3341,2739,4253,4229,3828,8010,0,2581
Dresden,1875,1845,3817,3477,3748,3803,3723,3505,4099,4363,4259,4588,3134,3130,4254,4301,4576,4390,4032,3883,4436,4427,4444,4834,3407,3844,1310,0,0,0,0,0,0,0,0,0,0,0,0,0,0,0,912,1269,1671,4301,0,0
Dubai,20995,22706,23522,25564,19178,19650,29943,27924,22723,25658,18816,24590,18600,20741,19401,23848,18538,20543,28291,25482,20818,26250,21483,24336,19299,20952,7985,2,0,129,845,1239,1151,1441,3269,8554,6328,5977,4475,8306,9873,4377,9976,15717,11057,23848,2,8306
Dublin,6546,7042,9436,12139,11501,12197,15686,15286,13411,12249,7991,9039,7453,7630,10066,13200,12990,13513,15673,15023,13858,12626,9317,9359,8216,8722,3811,18,0,499,1225,1484,782,318,0,496,681,137,220,460,609,773,2894,4934,5324,13200,18,460
Dubrovnik,0,0,164,1410,2341,2551,2641,2392,2438,1383,0,0,0,0,0,1611,2344,2408,2671,2066,2740,1262,0,0,0,0,0,0,0,0,972,649,90,0,0,0,0,0,0,0,0,358,1353,836,477,1611,0,0
Dushanbe,0,0,0,0,0,0,0,0,0,0,0,0,0,0,0,0,0,0,0,0,0,0,0,15,0,0,0,0,0,0,0,0,0,0,0,0,0,0,0,0,0,0,0,0,0,0,0,0
Düsseldorf,27931,25804,31130,31352,31065,31170,30263,28391,29522,32424,35629,32438,30108,27972,35427,32668,31386,32307,32259,29591,31998,34554,29895,26561,25850,24336,8671,234,579,3521,6152,7855,8299,5889,1735,2671,1820,837,1085,1548,1560,3377,6633,8082,10734,32668,234,1548
Edinburgh,161,223,528,1973,2218,2907,3003,2773,2410,1242,865,680,273,315,1016,1844,2463,2908,3647,3599,3115,1838,927,513,249,0,98,0,0,242,495,461,73,0,0,0,0,0,0,0,0,0,0,249,314,1844,0,0
Edmonton,0,0,0,0,0,0,0,0,0,0,0,0,0,0,0,0,0,0,0,0,0,0,0,0,0,0,0,0,0,0,0,0,0,0,0,91,0,0,0,0,0,0,0,0,0,0,0,0
Eilat,0,0,0,0,0,0,0,0,0,0,0,0,0,0,0,0,0,0,0,0,0,0,0,0,0,0,0,0,0,0,0,0,0,0,0,0,0,0,0,0,154,0,0,0,0,0,0,0
Ercan,0,390,585,424,0,0,0,0,0,0,0,0,0,0,0,280,0,0,0,0,0,246,57,0,0,0,0,0,0,0,0,0,0,0,0,0,0,0,0,0,0,0,0,0,0,280,0,0
Exeter,0,0,0,0,0,0,0,0,0,0,0,0,0,0,0,0,0,32,0,0,0,0,0,0,0,0,0,0,0,0,0,0,0,0,0,0,0,0,0,0,0,0,0,0,0,0,0,0
Farnborough,20,0,0,0,0,0,0,0,0,0,0,0,0,0,0,0,0,0,0,0,0,0,0,0,0,0,0,0,0,0,0,0,0,0,0,0,0,0,0,0,0,0,0,0,0,0,0,0
Faro,0,0,324,1113,1288,1473,2057,1629,2195,1627,666,0,0,0,503,1974,1716,1925,1751,1876,1835,1707,620,0,0,386,360,0,74,774,2323,1504,1457,198,165,149,92,0,0,527,1323,1144,2605,2271,2147,1974,0,527
Faroe Islands,0,0,0,0,0,0,0,0,0,0,0,0,0,0,0,0,0,0,38,0,0,0,0,0,0,0,0,0,0,0,0,0,0,0,0,0,0,0,0,0,0,36,0,0,0,0,0,0
Figari,0,0,0,0,0,0,448,331,451,136,0,0,0,0,0,0,0,335,550,516,309,136,0,0,0,0,0,0,0,136,561,409,108,0,0,0,0,0,0,0,0,0,568,282,225,0,0,0
Firenze,6381,6185,8037,7597,8099,7928,8268,7630,8004,7326,6341,6395,6362,5474,7899,6722,7566,7730,7574,6745,7918,6814,6211,5997,5906,5299,535,0,0,400,1015,1606,1517,1188,143,356,63,0,0,47,125,887,2375,2808,3762,6722,0,47
Frankfurt,26396,24898,28951,28679,26608,28644,34268,27635,29320,29083,26402,26572,24428,23760,27250,29686,26867,28475,34254,27606,28477,28720,25813,27002,23786,22253,12457,1651,4132,6425,9274,7563,7325,6621,4591,6885,5048,4736,5584,5819,6202,7294,12763,12881,13737,29686,1651,5819
Fuerteventura,1477,1767,1833,2743,3141,2907,5468,3490,3254,5075,1972,1758,1502,1910,2302,2461,1631,2062,2024,2073,2217,3198,1767,1766,1393,1779,678,0,0,0,1267,927,254,181,569,513,381,167,418,768,1114,863,1838,1794,1346,2461,0,768
Funchal,0,0,0,0,0,0,0,0,0,0,0,0,0,0,0,0,0,0,0,0,0,0,0,0,0,0,0,0,0,0,0,0,0,0,0,0,87,0,0,474,749,1073,1708,1539,961,0,0,474
Gaziantep,0,0,0,0,0,306,751,855,577,480,0,0,0,0,0,0,0,487,921,698,763,380,0,0,0,0,0,0,0,124,954,475,216,0,0,0,0,0,0,0,0,184,800,787,342,0,0,0
Gdansk,56,0,0,0,0,0,0,0,0,0,0,0,0,0,0,1185,1693,1835,2053,1598,1614,1034,0,0,0,0,0,0,0,0,0,0,0,0,0,0,0,0,0,0,0,217,1044,1244,1165,1185,0,0
Genova,0,0,0,0,0,0,0,0,0,0,0,0,0,0,0,0,0,0,0,0,0,0,0,0,0,0,0,0,0,0,0,0,0,0,0,0,0,0,0,0,0,0,0,0,74,0,0,0
Genève,25408,23293,27652,27695,24720,23415,28044,31513,24510,23095,22119,24796,26682,22195,26839,26664,23182,26659,28790,33065,26320,23897,22573,26600,27120,22626,10249,0,0,0,3698,5680,4696,3583,2236,4056,3970,2079,2328,3824,4493,6366,10964,14152,10122,26664,0,3824
Gerona,0,0,0,0,0,0,0,0,0,187,0,0,0,0,0,0,0,0,0,0,0,0,0,0,0,0,0,0,0,0,0,0,0,0,0,0,0,0,0,0,0,0,0,0,0,0,0,0
Gibraltar,0,0,0,0,0,0,0,0,37,0,0,0,0,0,0,0,0,0,0,0,0,0,131,0,0,0,0,0,0,0,0,0,0,0,0,0,0,0,0,0,0,0,0,0,0,0,0,0
Glasgow,0,0,0,0,0,0,0,0,0,0,0,0,0,0,0,0,0,0,55,0,0,0,0,0,0,0,0,0,0,0,0,0,0,0,0,0,0,0,0,0,0,0,0,0,0,0,0,0
Graz,1615,1783,2347,2652,2755,2847,3066,2905,2955,2609,2451,2162,1739,1542,1656,2548,2321,2449,2849,2502,2742,2359,2553,2490,1726,1772,554,0,0,0,0,0,0,0,0,0,0,0,0,0,0,0,946,1369,1423,2548,0,0
Groningen,0,0,0,0,0,0,0,0,0,0,0,0,0,0,0,32,0,0,0,0,0,0,0,0,0,0,0,0,0,0,0,0,0,0,0,0,0,0,0,0,0,0,0,0,0,32,0,0
Grozny North,0,0,0,0,0,0,0,0,0,0,0,0,0,0,0,0,0,0,0,58,0,0,0,0,0,0,0,0,0,0,0,0,0,0,0,0,0,0,0,0,0,0,0,0,0,0,0,0
Göteborg Landvetter,2252,2366,3064,3157,3347,3059,3984,3603,3296,2857,2139,2537,2454,2476,3052,4987,4297,4485,5934,4725,3716,3383,2018,2585,2742,2299,816,0,0,900,1206,1837,923,1152,388,854,351,0,27,363,429,1074,4057,3416,2333,4987,0,363
Hamburg,23868,23523,31356,33270,34005,33124,37997,33001,32810,34506,28279,30070,24248,22840,31928,31502,30960,30385,33904,28206,28775,29222,24995,25859,20869,20992,10464,229,108,3951,12238,13965,12050,7593,1746,3108,2064,1209,2054,2179,3095,6205,15527,16610,17101,31502,229,2179
Hannover,7172,6363,8804,12532,10800,11138,11401,8976,11795,11951,7820,6739,6163,5877,8062,11187,11066,10053,10381,9074,11941,10278,8003,7024,6011,5347,1818,0,0,0,0,0,1147,1119,149,166,63,0,0,0,0,587,1630,1993,2763,11187,0,0
Havana,2477,2355,2654,2595,1858,2087,2421,2438,1662,2164,2646,2613,2621,2399,2396,2687,2071,1991,2678,2416,1543,2372,2463,2745,2740,2379,1225,0,0,0,0,0,0,0,0,932,571,231,0,0,0,0,0,0,0,2687,0,0
Helsinki,7676,7697,9382,8745,9076,9578,12125,8594,7962,8278,6229,7851,6371,8078,8542,9138,8963,10154,12788,9154,8765,8613,6295,8129,6595,7915,3819,160,291,1332,4227,1473,889,912,717,1237,833,903,747,944,1266,1807,5317,3576,3768,9138,160,944
Heraklion,0,451,1578,5154,6654,7157,9155,8323,8890,7167,361,0,0,0,424,5040,6850,7968,8882,9030,9879,7382,520,0,0,0,0,0,0,0,6266,5694,6760,6373,60,0,0,0,0,0,2478,4755,15409,13081,10441,5040,0,0
Heringsdorf,0,0,0,0,0,0,0,0,0,0,0,0,0,0,0,0,189,404,418,464,259,0,0,0,0,0,0,0,0,0,0,0,0,0,0,0,0,0,0,0,0,0,0,0,0,0,0,0
Ho Chi Minh City,0,0,0,0,0,0,0,0,0,0,1177,2499,2521,2106,1426,896,0,0,0,0,0,0,860,2378,2302,1251,117,0,0,0,0,0,0,0,0,0,0,0,0,0,0,0,0,0,0,896,0,0
Hong Kong,14328,14537,16229,14849,13254,16174,18829,17419,15107,18388,14378,16960,14966,14405,15209,17191,16246,17608,20189,17760,16393,20130,15215,17527,16192,8734,4059,0,0,594,725,832,575,515,241,188,370,161,155,161,225,398,1310,1369,600,17191,0,161
Hrodna,0,0,0,0,0,0,0,0,38,0,0,0,0,0,0,0,0,0,0,0,0,0,0,0,0,0,0,0,0,0,0,0,0,0,0,0,0,0,0,0,0,0,0,0,0,0,0,0
Hurghada,2870,4228,5696,8003,6479,6365,7944,7934,8828,10403,6724,6527,3842,5525,7810,10680,6695,5991,6612,6629,7906,9893,7506,5703,3797,6632,2559,0,0,0,2062,2025,2360,3592,2136,2248,1464,1893,2691,5522,827,399,3223,4061,5215,10680,0,5522
Ibiza,0,206,377,2354,5155,6129,7153,6205,6160,3346,131,535,65,472,69,2353,3916,4740,4972,4648,3991,2414,430,284,115,0,0,0,0,417,3534,1736,153,22,0,236,60,0,156,904,2890,3451,7961,5602,5184,2353,0,904
Incheon International,3189,2265,3697,2213,2921,3132,3237,3320,3014,3446,2454,1937,3132,2895,3776,2451,2934,3486,3455,3726,3006,3389,3444,0,0,0,0,0,0,0,0,0,0,0,0,0,0,0,0,0,0,0,0,0,0,2451,0,0
Indira Gandhi International,6068,6149,5645,4333,4470,6428,5458,5277,5355,6875,6280,6895,6317,5647,4977,5799,5826,5988,5841,4874,5314,6856,6732,6757,6247,5677,1385,0,0,0,0,0,0,0,0,1,0,0,0,0,0,0,0,0,0,5799,0,0
Inverness,0,0,0,0,0,0,635,299,0,0,0,0,0,0,0,0,0,0,640,343,0,0,0,0,0,0,0,0,0,0,0,0,0,0,0,0,0,0,0,0,0,0,0,0,0,0,0,0
Istanbul,13422,14370,18041,20509,17112,16194,22329,20415,17670,19000,12774,14968,11453,13477,15577,16209,15973,16824,21915,19736,19174,20590,13725,15449,11299,13749,6411,0,0,2119,9337,6911,6635,7207,4424,5920,6003,8087,11319,9646,7961,12465,27153,20226,17472,16209,0,9646
Izmir,646,706,679,1265,1383,2625,4716,3924,3440,3014,841,1588,780,1037,1389,2214,1844,3977,6360,4795,4083,3677,1001,1433,1016,1290,605,0,0,1740,3684,2918,2251,1656,425,636,114,298,539,814,558,2198,5726,4308,2546,2214,0,814
Jeddah,0,0,0,0,0,0,0,0,0,0,0,0,0,0,0,0,0,0,0,462,0,0,0,0,0,0,0,0,0,0,0,0,0,0,0,0,0,0,0,0,0,0,0,0,0,0,0,0
Jerez De La Frontera,26,0,0,0,0,0,1326,859,473,386,0,0,0,0,0,0,85,0,1354,882,505,365,0,0,0,0,0,0,0,0,509,155,0,0,0,0,0,0,0,0,0,188,502,261,0,0,0,0
Jersey,0,0,0,0,134,163,207,127,151,0,0,0,0,0,0,0,170,324,257,251,26,0,0,0,0,0,0,0,0,0,0,0,0,0,0,0,0,0,0,0,0,0,0,0,0,0,0,0
Johannesburg,6083,5499,6069,6069,5373,5762,6721,6294,6060,6725,5804,6007,5577,5494,5472,5803,5404,5615,6678,6501,6423,6742,5957,6175,6282,5433,2277,0,0,0,0,0,0,171,495,1623,413,448,759,807,758,733,1511,1875,2888,5803,0,807
Kalamata,0,0,0,0,0,0,0,0,0,0,0,0,0,0,0,0,0,528,553,569,548,416,0,0,0,0,0,0,0,0,688,369,518,439,0,0,0,0,0,0,221,438,1034,735,946,0,0,0
Kaliningrad,0,0,0,0,0,198,0,0,0,0,0,0,0,0,0,0,0,0,0,0,0,0,0,0,0,0,0,0,0,0,0,0,0,0,0,0,0,0,0,0,0,0,0,0,0,0,0,0
Kansai International,0,0,0,0,0,0,0,0,0,0,0,0,0,0,0,0,0,0,0,0,0,0,0,0,0,0,996,0,0,0,0,0,0,0,0,0,0,0,0,0,0,0,0,0,0,0,0,0
Katowice,0,0,0,0,107,0,0,0,0,0,97,0,0,0,0,0,0,0,0,0,0,0,0,0,0,0,0,0,0,0,0,0,0,0,0,0,0,0,0,0,0,0,0,0,0,0,0,0
Kazan,0,0,0,0,0,0,0,0,0,0,0,0,0,0,0,0,0,0,0,0,0,0,0,0,0,0,0,0,0,0,0,0,0,0,0,0,0,0,19,0,0,0,0,0,0,0,0,0
Kerkyra,0,0,0,0,979,1142,1807,1640,1765,848,0,0,0,0,0,0,1669,2021,2172,1932,1982,1210,0,0,0,0,0,0,0,0,1441,946,1032,525,0,0,0,0,0,0,550,1041,2075,1732,1668,0,0,0
Khartoum,0,0,0,0,0,0,0,0,0,0,0,0,0,0,45,0,0,0,0,0,0,0,0,0,0,0,0,0,0,0,0,0,0,0,0,0,0,0,0,0,0,0,0,0,0,0,0,0
Kiev,2190,1748,2818,5035,4955,4682,5373,4671,4608,4738,3950,5003,4119,3136,3985,5499,5453,5252,6965,6162,5887,5732,3804,4153,3976,3548,2115,0,217,233,1646,1644,492,293,500,1000,832,795,886,826,1456,2748,4708,4686,4890,5499,0,826
Kishinev,0,0,0,0,0,0,0,0,0,0,0,0,0,0,0,0,0,0,0,0,0,0,0,0,0,0,0,0,98,0,0,0,0,0,0,0,0,0,0,0,0,0,0,0,35,0,0,0
Kittila,1649,2091,1118,0,0,536,669,258,0,0,0,989,1453,1789,1091,0,0,449,554,226,0,0,0,997,1392,2300,432,0,0,0,0,0,0,0,177,0,0,0,0,0,0,0,0,48,147,0,0,0
Kobenhavn,16928,15590,19052,20747,23169,20896,24455,22685,19438,19239,15825,15550,16945,15962,18326,22561,21866,22918,29115,26340,22375,23217,19534,17740,18146,18504,6279,0,0,1811,5726,6725,5233,2129,1385,2760,1743,650,1073,1916,2294,3897,11522,13031,12048,22561,0,1916
Kos,0,0,0,0,2912,3148,4488,3899,4338,3787,0,0,0,0,0,0,1765,3264,4274,4261,3608,3361,0,0,0,0,0,0,0,0,3061,2465,2623,1882,0,0,0,0,0,0,733,1778,6814,5582,3371,0,0,0
Krakow,1084,1124,1614,2521,2897,2748,3188,2601,2791,2477,1306,1795,1066,1203,1393,2462,3080,3063,3606,3247,2902,2596,1266,1594,1037,1261,298,0,0,0,0,660,668,640,83,561,58,0,0,0,0,569,1572,2127,1402,2462,0,0
Kukes,0,0,0,0,0,0,0,0,0,0,0,0,0,0,0,0,0,0,0,0,0,0,0,0,0,0,0,0,0,0,0,0,0,0,0,0,0,0,0,0,0,0,1190,741,132,0,0,0
Kuopio,0,0,0,0,0,0,0,0,0,0,0,69,0,0,0,0,0,0,0,0,0,0,0,0,0,0,0,0,0,0,0,0,0,0,0,0,0,0,0,0,0,0,0,0,0,0,0,0
Kuusamo,114,291,20,0,0,0,0,0,0,0,0,100,190,292,25,0,0,0,0,0,0,0,0,147,0,0,0,0,0,0,0,0,0,0,0,0,0,0,0,0,0,0,0,0,0,0,0,0
Köln/Bonn,10970,10489,12517,12237,11231,10660,11215,10077,11088,11384,10605,9886,9298,8970,11284,10159,11362,11658,11926,11326,10090,10764,10768,9692,8835,7972,2881,0,0,611,1417,1839,2799,1507,126,0,0,0,0,0,0,373,421,746,2441,10159,0,0
Lamezia Terme,152,0,306,1441,2211,2533,3541,3148,2760,2208,849,1453,888,1086,1046,1235,2018,2623,3484,3047,2639,2092,0,160,136,0,0,0,0,617,2840,1919,1453,1075,26,132,122,278,206,88,690,1153,3366,2245,1614,1235,0,88
Lanzarote,1836,2338,1849,1979,1727,1768,2137,1911,2175,2097,2282,2002,1673,2243,2297,2144,1708,2021,1940,2219,2106,2196,2392,2071,1737,2363,648,0,0,0,553,516,206,0,490,580,106,0,97,468,324,0,875,824,925,2144,0,468
Larnaca,0,0,1887,5816,6675,8076,9492,8448,8857,9628,1985,1518,788,1273,2628,5538,6963,7813,8485,8491,9316,9757,2649,760,803,1099,747,0,0,760,5882,4338,2154,237,0,0,0,0,0,0,74,790,6179,5283,5174,5538,0,0
Las Palmas,4461,4562,5243,6042,5211,4240,5965,5686,5695,7022,5171,5304,4799,5148,5279,5987,4354,3997,4237,4012,4137,4266,5286,5164,4684,4658,1818,2,0,0,2280,1550,849,354,654,1353,791,190,527,1643,1958,945,4162,3332,2384,5987,2,1643
Las Vegas,0,0,0,2415,2512,3682,5282,4594,3645,3323,214,0,0,0,0,1091,2522,3725,5319,3965,3234,2472,0,0,0,0,0,0,0,0,0,0,0,0,0,0,0,0,0,0,0,0,0,0,0,1091,0,0
Leipzig,1265,1276,1476,1548,1375,1390,1557,1282,1416,1412,1670,1869,1186,1506,1754,1624,2064,2033,1844,1866,1985,1997,0,378,159,0,0,0,0,0,0,0,0,0,0,0,0,0,0,0,0,0,0,0,0,1624,0,0
Lima,0,0,0,0,0,0,0,0,0,0,0,0,0,0,0,0,0,0,0,0,0,0,0,0,0,0,34,0,0,0,0,0,0,0,0,0,0,0,0,0,0,0,0,0,0,0,0,0
Linz,84,0,0,0,0,0,0,0,0,0,0,0,0,0,0,0,0,0,0,0,0,0,0,0,0,0,0,0,0,0,0,0,0,0,0,0,0,0,0,0,0,0,0,0,0,0,0,0
Lisboa,14752,18487,22678,25638,26311,25111,28638,23762,24627,24195,16656,20117,13327,16252,20114,22889,21864,23171,25518,20845,20860,20607,17759,21116,14199,16574,8478,269,1216,3353,10707,10273,8838,2940,3501,6474,3195,729,2404,6114,7590,8394,14385,12561,13270,22889,269,6114
Liège,0,0,0,0,0,0,0,0,0,29,0,0,0,0,0,0,0,0,0,0,0,0,0,0,0,0,0,0,0,0,0,0,0,0,0,0,0,0,0,0,0,0,0,41,0,0,0,0
Ljubljana,3205,3362,4211,4946,5028,5133,5149,3920,5331,4351,3554,4009,3063,3493,4284,4463,4845,5023,5348,3829,4027,1127,2862,2509,2210,2481,727,0,0,0,0,0,0,0,0,0,0,0,38,0,0,0,1247,2088,2144,4463,0,0
London,75147,73495,79451,87745,74121,81840,91425,84283,83176,82527,71415,75311,74899,72494,81644,87573,76183,82245,90824,84886,85467,84149,72585,82263,77693,73935,31511,924,2024,2925,10006,20081,8429,4657,4281,7219,4714,3617,3686,4732,4653,4373,6749,18976,28973,87573,924,4732
Longyearbyen,0,0,0,0,0,148,258,101,0,0,0,0,0,0,0,0,0,0,235,0,0,0,0,0,0,0,0,0,0,0,0,0,0,0,0,0,0,0,0,0,0,0,0,0,0,0,0,0
Los Angeles,7669,5803,8734,9551,8946,9367,10326,10091,9399,10131,9172,8647,9092,7722,9304,9753,9230,8846,10217,9840,9467,9841,9268,9289,9235,7787,2762,0,0,0,0,0,0,0,0,0,0,0,0,0,0,0,3452,6112,4887,9753,0,0
Lourdes/Tarbes,0,0,0,921,372,0,0,0,0,100,0,0,0,0,0,0,1266,0,0,0,0,112,0,0,0,0,0,0,0,0,0,0,0,0,0,0,0,0,0,0,0,0,0,0,0,0,0,0
Lugano,2670,2511,3166,3825,4184,4511,4972,4720,4105,3365,2988,2749,2432,2109,3058,3340,3173,3472,3625,3938,2441,0,0,0,0,0,0,0,0,0,0,0,0,0,0,0,0,0,0,0,0,0,0,0,0,3340,0,0
Luxembourg,4602,4324,5821,6206,6202,5506,5389,5114,5715,4931,5459,5053,4702,3796,5216,6210,5432,5768,4963,5153,5684,4710,5446,5108,4110,3732,1076,0,0,0,0,0,0,0,0,0,0,0,0,0,0,175,456,749,1346,6210,0,0
Lvov,0,0,0,0,0,0,0,0,113,0,0,0,0,0,0,0,0,0,0,0,0,0,0,0,0,0,0,0,0,0,0,0,0,0,0,0,0,0,0,0,0,0,0,0,0,0,0,0
Lyon,346,334,371,353,348,375,341,78,373,354,299,183,318,314,349,308,352,326,304,36,362,365,284,200,276,236,60,0,0,0,0,0,0,0,0,0,0,0,0,0,0,0,0,0,18,308,0,0
Maastricht,62,0,0,0,0,0,0,0,0,0,0,0,0,0,0,0,66,0,0,0,0,0,0,0,0,0,0,0,0,0,0,0,0,0,0,0,0,0,0,0,0,0,0,0,0,0,0,0
Madeira,649,964,1835,1709,1342,1216,1356,1073,1272,1132,935,1285,589,939,1611,2297,1727,1211,1387,1254,1120,1246,1081,1228,713,1149,408,0,0,0,458,553,577,24,154,278,0,0,0,0,0,0,0,0,0,2297,0,0
Madinah,0,0,0,0,0,0,0,0,0,0,0,0,0,0,0,0,0,0,0,0,0,0,0,180,0,0,0,0,0,0,0,0,0,0,0,0,0,0,0,0,0,0,0,0,0,0,0,0
Madrid,20689,23269,26491,28881,26920,24895,29639,24236,28268,29450,27106,29942,23197,24390,28563,30295,29293,28255,33993,26374,31909,33276,27144,31029,25022,27601,10618,0,0,913,7357,3719,1955,2278,4550,7751,5577,5016,6554,8883,9308,9538,18278,14882,19088,30295,0,8883
Magnitogorsk,0,67,0,0,0,0,0,0,0,0,0,0,79,0,0,0,0,0,0,0,0,0,0,0,0,0,0,0,0,0,0,0,0,0,0,0,0,0,0,0,0,0,0,0,0,0,0,0
Mahe Island,0,0,0,0,0,0,0,0,571,1127,1093,1328,1145,1130,1289,1095,861,1144,1062,449,850,1076,1093,932,821,1375,344,0,0,0,0,0,0,962,563,362,53,0,0,0,0,0,534,583,677,1095,0,0
Malaga,5555,8455,11495,14414,13756,13221,16728,14070,15649,13921,6283,7427,5314,7429,10242,14147,13181,13844,16992,15233,15260,13860,6374,8702,5647,7657,3902,0,71,1355,7630,3014,784,825,782,2645,1012,332,2229,5038,7394,7126,13495,10105,11184,14147,0,5038
Male,2061,2197,2521,3265,255,0,0,0,278,3591,2322,2409,2333,2134,2633,3287,29,0,0,0,575,3660,2466,2291,2547,2550,908,0,0,0,0,0,185,309,707,1652,1631,2636,1287,1041,741,0,985,578,771,3287,0,1041
Malta,2594,3247,4849,5121,5126,5514,7243,5870,6606,6392,3240,3155,2123,2729,3792,5551,4840,5925,7073,5926,6512,6034,3455,3611,2205,3384,1043,0,0,0,2437,1994,579,512,532,675,929,454,405,459,1359,2959,4188,3927,3927,5551,0,459
Manchester,5814,6292,5693,5966,4667,5113,6447,6642,5519,5221,5626,6368,5637,5700,5582,6379,5108,5602,6958,6780,6567,5699,5534,6419,6315,6095,2169,10,0,68,1037,2352,588,190,0,374,261,0,65,298,209,458,1027,1794,3294,6379,10,298
Marrakech,1034,1779,2179,2686,1300,0,0,300,1339,2478,2157,1214,816,2480,3349,3444,2062,0,0,297,1376,2037,2206,1048,840,2357,1110,0,0,0,0,0,0,0,0,0,0,0,0,0,0,0,0,0,0,3444,0,0
Marseille,0,0,0,313,974,768,820,698,653,604,0,0,0,0,0,951,881,1427,1487,1251,1527,821,0,0,0,0,0,0,0,0,0,0,0,0,0,0,0,0,0,0,0,34,1111,1536,1119,951,0,0
Mauritius,1703,2077,2137,3128,237,0,0,0,915,3852,2272,2201,2525,2337,2362,3551,2398,2009,2761,2307,3054,3732,2593,2439,1955,2110,666,0,0,0,0,0,0,0,0,0,0,0,0,0,0,0,0,0,0,3551,0,0
Menorca,0,0,0,0,0,113,561,63,298,6,0,0,0,0,0,0,0,0,0,0,0,0,0,0,0,0,0,0,0,139,544,171,0,0,0,0,0,0,0,0,320,658,937,722,936,0,0,0
Miami,12140,12160,13414,11288,8065,6048,7151,6677,6115,6988,12415,14624,13937,11501,12968,10568,8037,5974,7113,6357,5455,8263,13630,16307,14276,14529,4145,0,0,0,0,402,486,0,0,0,0,0,0,551,666,841,2854,3427,3154,10568,0,551
Mikonos,0,0,0,0,1235,2389,2725,2246,2241,924,0,0,0,0,0,0,1178,2639,2480,2135,2073,716,0,0,0,0,0,0,0,0,3069,2763,2133,943,0,0,0,0,0,0,609,2292,4923,3428,1973,0,0,0
Milano,8281,7966,10284,10067,10290,9635,11779,10754,11721,8244,7142,7152,8004,6641,7745,9345,8712,8617,9799,9357,9695,8136,7456,8044,8424,6161,525,0,0,0,628,154,77,224,43,12,0,0,0,0,0,0,340,1694,1745,9345,0,0
Milas Bodrum International,0,0,0,0,0,156,1422,1015,1090,405,0,0,0,0,0,0,0,0,1454,1336,1170,404,0,0,0,0,0,0,0,109,586,622,656,512,0,0,0,0,0,0,0,408,1826,929,742,0,0,0
Mollis,0,0,362,0,0,0,0,0,0,0,0,0,0,0,0,0,0,0,0,0,0,0,0,0,0,0,0,0,0,0,0,0,0,0,0,0,0,0,0,0,0,0,0,0,0,0,0,0
Montego Bay,0,0,0,0,0,0,0,0,0,0,0,0,0,0,0,0,0,0,0,0,0,0,0,0,0,0,0,0,0,0,0,0,0,0,0,0,0,0,0,0,0,0,1051,1220,566,0,0,0
Montpellier,23,0,0,0,0,24,0,0,0,0,0,0,0,0,0,0,0,0,0,0,0,0,0,0,0,0,0,0,0,0,0,0,0,0,0,0,0,0,0,0,0,0,0,0,0,0,0,0
Montreal,4543,3903,5302,6749,6690,6237,7128,7133,6330,6663,4456,4644,4737,4101,5197,6736,6708,6232,7001,7072,6577,6546,6270,5910,6096,5326,3543,0,0,0,247,461,505,374,203,480,585,266,200,226,293,336,2130,3150,4531,6736,0,226
Moskva,7072,6015,7377,6817,6915,8153,9194,8166,6834,6783,6068,7303,6944,6467,7105,6875,7467,7640,9693,8588,7319,6936,6460,7323,7116,6702,3284,0,0,0,0,0,0,0,0,0,0,0,0,0,56,0,0,0,0,6875,0,0
Muscat,11441,11411,12939,12971,11937,10344,14330,12910,11214,14401,13260,13960,12354,12083,11552,13495,10588,11088,13624,11604,10706,13747,12313,13148,11485,11278,3638,0,0,0,0,0,0,0,0,0,0,0,0,0,0,0,0,0,0,13495,0,0
München,14160,13239,16591,15837,15198,16926,18285,13982,18534,16616,16063,14702,13504,13415,16594,16062,15967,16766,18720,13744,17565,15340,16055,16090,13830,12108,7433,123,0,2086,4636,4110,4132,3119,1976,1537,836,0,651,580,1290,2777,5160,4600,7808,16062,123,580
Naberevnye Chelny,0,0,0,0,0,0,0,0,0,0,0,0,0,0,0,0,0,0,0,0,0,0,0,62,0,0,0,0,0,0,0,0,0,0,0,0,0,0,0,0,0,0,0,0,0,0,0,0
Nairobi,0,0,0,0,0,0,0,0,0,0,0,0,0,0,0,0,0,0,0,0,0,0,0,0,0,0,0,0,0,0,0,91,144,319,0,0,0,0,0,0,0,0,0,0,0,0,0,0
Nantes,0,0,0,0,0,0,0,0,0,0,0,0,0,0,0,0,0,0,16,0,0,0,0,0,0,0,0,0,0,0,0,0,0,0,0,0,0,0,0,0,0,0,0,0,0,0,0,0
Napoli,1952,2233,3390,4897,5197,4487,6462,5527,5562,5157,1972,2930,2040,3001,3300,5626,5318,5574,6480,5360,6057,5384,2374,3691,2387,2752,460,0,0,1004,3010,2839,2564,1719,0,315,29,0,0,70,587,2733,5752,6247,6973,5626,0,70
New York,23034,19509,28790,30861,29116,29657,35401,35080,32374,34166,26578,29357,25452,20256,27827,32041,29603,29457,35140,34503,32530,34134,25087,30179,26371,22176,9002,228,492,1094,1757,2771,2695,1693,1440,1787,2501,1331,1734,2689,2552,4245,12207,18154,14004,32041,228,2689
Nice,7748,7702,12919,13723,16827,16326,17939,16057,15095,12631,8262,8756,7936,7863,10064,13324,13940,14827,15761,14732,14437,11688,8459,9039,6954,7680,2841,0,0,1429,5461,6382,1622,463,500,1801,1036,287,524,683,1363,3345,8434,7743,7475,13324,0,683
Nis,678,842,970,1373,964,1254,1936,1214,1124,1146,653,783,559,660,797,1296,1171,1107,1124,864,870,798,600,450,304,0,0,0,0,0,0,0,0,0,0,0,0,0,0,0,0,0,790,253,0,1296,0,0
Nürnberg,4963,4730,5443,5329,5662,5745,5693,4581,5925,5550,5688,5171,5008,4814,6836,6540,6756,6714,6507,5660,7635,6478,7498,6119,4542,3178,747,0,0,0,0,0,0,0,0,0,0,0,0,10,0,0,0,1871,2149,6540,0,10
Ohrid,491,560,829,715,710,636,2418,911,555,543,456,1399,814,994,1257,1613,988,1357,4356,1640,854,991,714,1360,800,1102,411,0,0,0,256,0,0,0,567,567,652,446,364,0,597,545,4015,1385,100,1613,0,0
Olbia,0,0,294,1846,3605,3664,5380,4292,5306,2377,0,0,0,0,0,1745,2786,3650,4561,3830,4835,2221,0,0,0,0,0,0,0,153,2758,2050,1625,654,0,0,0,0,0,0,0,835,4190,2325,2766,1745,0,0
Orlando,239,368,715,586,686,771,1174,996,0,1904,603,279,966,410,360,1272,517,646,1200,998,407,1162,0,0,0,0,0,0,0,0,0,0,0,0,0,0,0,0,0,0,0,0,0,0,0,1272,0,0
Oslo,5284,5960,7414,6792,6838,7318,13059,9327,6711,6766,4267,5689,5544,6632,7225,6597,6631,8138,13425,9484,7612,6953,4432,6576,6363,7329,2864,0,0,0,2144,1915,179,0,0,39,83,0,78,41,0,401,3656,3801,2504,6597,0,41
Ostrava Leos Janácek,0,0,0,0,0,0,0,0,0,0,0,58,0,0,0,0,0,0,0,0,0,0,0,61,0,0,0,0,0,0,0,0,0,0,0,0,0,0,0,0,0,0,0,0,0,0,0,0
Oulu,0,0,0,0,0,0,0,0,0,0,64,0,0,0,0,0,0,0,0,0,0,0,0,0,0,0,0,0,0,0,0,0,0,0,0,0,0,0,0,0,0,0,0,0,0,0,0,0
Ovda,0,0,0,0,0,0,0,0,0,56,145,286,81,236,313,0,0,0,0,0,0,0,0,0,0,0,0,0,0,0,0,0,0,0,0,0,0,0,0,0,0,0,0,0,0,0,0,0
Paderborn,0,0,0,27,0,59,0,0,0,28,449,651,675,43,0,0,0,61,0,0,0,0,0,0,0,0,0,0,0,0,0,0,0,0,0,0,0,0,0,0,0,0,0,0,0,0,0,0
Palermo,0,0,1176,3087,2763,3510,4210,3803,3803,3217,0,0,0,0,100,3346,3045,4421,4705,3946,4167,3196,0,0,0,0,0,0,0,739,3180,3394,2850,2373,8,94,15,0,95,312,848,2906,7127,6671,6729,3346,0,312
Palma De Mallorca,4456,8013,13756,21284,25658,24918,29156,24999,26845,21063,4926,6468,3810,7904,12138,24942,24379,28303,33135,32576,33130,23617,5612,6707,4795,8112,3931,0,0,1115,14818,5462,934,876,2232,3166,1365,527,4209,9021,15884,15447,34578,30290,26583,24942,0,9021
Paphos,0,0,166,1261,955,702,1233,1067,1028,957,0,0,0,0,0,1143,858,759,484,598,703,751,0,0,0,0,0,0,0,0,0,0,0,0,0,0,0,0,0,0,0,0,0,0,0,1143,0,0
Paris,25715,23921,32064,31747,33997,35328,33958,30523,34476,33062,29411,29067,25588,24802,31858,29729,31812,31932,30255,25951,31290,30406,28794,31703,28210,26006,10042,96,0,933,3086,3643,2211,631,637,2201,2133,1309,878,596,1007,2235,6928,10569,10787,29729,96,596
Patras,0,0,0,0,0,0,261,64,303,209,0,0,0,0,0,0,0,0,445,48,314,255,0,0,0,0,0,0,0,0,0,0,308,150,0,0,0,0,0,0,0,0,0,0,205,0,0,0
Philadelphia,0,0,1030,3380,3238,4676,6262,5674,4660,4898,2203,3803,2380,1594,3180,4875,4348,4675,6250,5806,5060,4799,2172,4575,2495,1996,978,0,0,0,0,0,0,0,0,0,0,0,0,0,0,0,0,0,0,4875,0,0
Phuket,3778,3591,3289,1993,112,0,0,0,0,0,3079,4179,3976,3383,3172,2220,251,0,0,0,0,0,3513,3871,4257,3340,1455,0,0,0,0,0,0,0,0,0,0,0,0,0,0,0,0,0,0,2220,0,0
Pisa,0,0,0,0,0,0,0,0,0,113,97,0,0,0,0,0,0,0,0,0,0,0,0,0,0,0,0,0,0,0,0,0,0,0,0,0,0,0,0,0,0,0,0,0,0,0,0,0
Podgorica,536,507,682,1154,1120,1454,3111,1746,1240,913,547,790,524,534,735,1030,1061,1416,2611,1762,1412,901,528,851,659,648,360,0,108,450,1131,308,160,119,184,230,0,0,0,0,470,641,1754,1234,594,1030,0,0
Poitiers,0,0,0,0,0,0,0,0,0,0,0,13,0,0,0,0,0,0,16,0,0,0,0,19,0,0,0,0,0,0,0,0,0,0,0,0,0,0,0,0,0,0,0,0,0,0,0,0
Porto,5761,7947,10460,13600,13643,12708,16928,15611,14597,14285,8182,11910,7456,9471,10788,13160,12319,12238,14385,13115,12732,13040,9304,13112,8441,9686,4516,530,2319,4693,15003,11914,7176,1837,1256,7879,3231,532,2335,6712,7356,7007,18522,14188,12027,13160,530,6712
Poznan,0,0,0,0,0,0,0,356,0,0,0,0,0,0,0,0,0,0,0,0,0,0,0,0,0,0,0,0,0,0,0,0,0,0,0,0,0,0,0,0,0,0,0,0,0,0,0,0
Praha,7949,8389,10836,13805,13764,13840,14672,13247,13305,13867,11394,11945,8452,8831,10273,12143,11280,11329,11852,11143,11503,11880,10953,11857,8352,9829,2890,0,0,586,2875,3632,1417,142,424,1187,1059,622,418,1135,1220,2139,4573,4865,5205,12143,0,1135
Preveza/Lefkas,0,0,0,0,0,0,0,0,0,0,0,0,0,0,0,0,0,0,0,0,0,0,0,0,0,0,0,0,0,0,0,0,0,0,0,0,0,0,0,0,0,0,255,161,0,0,0,0
Pristina (Kosovo),11004,11497,14366,16193,13279,12550,19572,13070,11615,13664,12775,17619,12021,14446,16016,16705,14054,14550,23962,15212,12675,14340,11371,15627,12285,13686,5267,104,748,3302,7394,2514,4536,16761,8403,13226,7717,8094,5797,2745,10667,9745,24405,12843,5499,16705,104,2745
Puerto Plata,0,0,0,0,0,0,0,0,0,0,0,0,0,0,0,0,0,0,0,0,0,0,0,0,0,0,0,0,0,0,0,0,0,0,0,0,0,0,0,0,0,0,581,111,0,0,0,0
Pula,0,0,0,0,0,1102,1158,1122,921,0,0,0,0,0,0,0,0,1134,1328,1002,876,301,49,0,0,0,0,0,0,0,582,381,79,0,0,0,0,0,0,0,0,218,692,357,328,0,0,0
Punta Cana,2461,2289,2480,2297,2479,3141,3930,3211,2368,4081,3496,4279,3792,3661,3677,3951,3331,3519,4013,4010,2371,3643,4028,4022,3998,3877,1663,0,0,0,941,510,407,297,1980,1555,1807,2104,2417,3169,1588,0,1552,992,769,3951,0,3169
Ravenna,0,0,0,0,0,0,0,0,0,0,0,0,0,0,0,0,0,0,0,0,0,0,0,0,0,0,0,0,0,0,0,0,2,0,0,0,0,0,0,0,0,0,0,0,0,0,0,0
Rennes,0,0,0,0,0,0,0,35,0,0,0,0,0,0,0,0,0,0,0,0,0,0,0,0,0,0,0,0,0,0,0,0,0,0,0,0,0,0,0,0,0,0,0,0,0,0,0,0
Reykjavik,954,1048,1248,2193,3901,6648,8197,7437,5897,3433,1355,1697,1567,1482,1526,4560,4573,5951,7701,6933,4607,3846,1057,1878,1322,1613,701,0,0,699,1457,1297,0,0,0,0,0,0,0,43,0,827,4888,4933,3956,4560,0,43
Rhodos,0,0,0,339,3121,4356,5732,5318,5500,3918,0,0,0,0,0,505,2171,4243,5452,5167,4724,3913,0,0,0,0,0,0,0,0,2646,2138,2557,2293,0,0,0,0,0,0,1389,2206,7262,6435,5705,505,0,0
Riga,2511,2477,3404,4002,4336,4672,5983,5312,4144,3984,3175,3983,2577,2602,3392,4423,4573,4860,6445,5216,4497,4473,3000,3778,2959,3103,1493,0,0,0,1715,550,422,541,110,607,352,152,194,533,583,816,2170,2123,1781,4423,0,533
Rio De Janeiro,2171,2382,1664,1426,1043,2071,2648,1953,2342,2789,1237,2006,2191,2092,1826,1723,1111,2348,2171,1902,1966,2621,2419,2452,2243,1952,507,0,0,0,0,0,0,0,0,0,0,0,0,0,0,0,0,0,0,1723,0,0
Riyadh,0,0,0,0,0,0,0,0,0,0,0,0,0,0,0,20,0,0,0,0,0,0,0,0,0,0,0,0,0,0,0,0,0,0,0,0,0,0,0,0,0,0,0,0,0,20,0,0
Roma,15170,16854,21658,22427,22204,21061,23546,19998,21899,22756,17272,17059,14238,14011,15870,18779,18441,17921,18946,16627,18617,18316,15773,17044,15125,14272,3553,411,437,2228,4661,4073,4888,5504,1748,2052,1524,1299,1276,1484,3155,6286,8433,7772,8502,18779,411,1484
Ronchi Dei Legion,0,0,0,0,0,0,0,0,0,0,0,0,0,0,0,0,0,0,0,0,0,0,0,0,0,79,0,0,0,0,0,0,0,0,0,0,0,0,0,0,0,0,165,255,242,0,0,0
Rostock-Laage,0,0,0,0,0,0,0,0,0,0,37,0,0,0,0,0,0,0,0,0,0,0,0,0,0,0,0,0,0,0,0,0,0,0,0,0,0,0,0,0,0,0,0,0,0,0,0,0
Rostov sur le Don,0,0,0,0,0,402,0,0,0,0,0,0,0,0,0,0,0,0,0,0,0,0,0,0,0,0,0,0,0,0,0,0,0,0,0,0,0,0,0,0,0,0,0,0,0,0,0,0
Rotterdam,0,0,0,0,0,0,0,0,0,0,0,0,0,0,0,0,0,0,0,0,0,0,0,0,0,0,0,0,0,0,0,0,0,0,0,0,0,0,0,0,0,0,0,49,0,0,0,0
Rovaniemi,575,631,304,0,0,0,0,0,0,0,0,389,469,618,285,0,0,0,0,0,0,0,0,270,459,768,145,0,0,0,0,0,0,0,0,0,0,0,0,0,0,0,0,0,0,0,0,0
SUVARNABHUMI BANGKOK INTERNATIONAL,20075,17594,18272,18429,15599,17244,21046,18973,16825,20459,19219,20336,19783,17333,16033,18603,16688,17151,20956,18525,16830,20743,18688,20131,19503,16644,7824,4,0,17,37,218,240,428,857,1601,1168,702,721,602,440,432,1112,620,802,18603,4,602
Saarmelleek,0,0,0,0,0,0,0,0,0,0,0,0,0,0,0,0,0,0,0,0,0,0,0,0,0,0,0,0,0,0,0,0,0,0,0,0,0,0,0,0,0,0,39,0,0,0,0,0
Salamanca,0,0,0,0,0,0,0,0,0,0,0,0,0,0,0,0,0,0,0,0,59,0,0,0,0,0,0,0,0,0,0,0,0,0,0,0,0,0,0,0,0,0,0,0,0,0,0,0
Salzburg,0,0,0,0,0,0,0,0,55,0,0,0,0,0,0,0,0,0,0,113,0,0,0,0,0,0,0,0,0,0,0,0,0,0,0,0,0,0,0,0,0,0,0,0,0,0,0,0
Samara,0,0,0,0,0,108,0,0,0,0,0,0,0,0,0,0,0,0,0,0,0,0,0,0,0,0,0,0,0,0,0,0,0,0,0,0,0,0,0,0,0,0,0,0,0,0,0,0
Samos,0,0,0,0,436,581,682,511,554,314,0,0,0,0,0,0,433,567,699,528,550,317,0,0,0,0,0,0,0,0,485,247,348,93,0,0,0,0,0,0,0,0,432,245,0,0,0,0
San Diego,0,0,0,1077,485,1341,2644,2107,653,790,0,0,0,0,0,0,162,671,2657,687,0,0,0,0,0,0,0,0,0,0,0,0,0,0,0,0,0,0,0,0,0,0,0,0,0,0,0,0
San Francisco,8577,6494,9075,9638,9686,13386,16929,16158,14919,14504,8879,8908,9301,7621,8850,9737,13085,14019,16770,16186,14814,14365,8742,9327,9559,7478,2159,0,0,0,0,0,373,399,370,619,648,319,396,519,641,1103,3268,6109,4561,9737,0,519
San Jose,2719,2298,2621,2207,1695,2189,2783,2481,1986,3447,3722,3724,3924,3622,3771,3687,1721,2106,2787,2436,1645,2480,3578,4191,3867,3549,1738,0,0,0,0,0,0,0,0,624,845,1015,1382,1951,1332,976,1355,1310,846,3687,0,1951
Santa Cruz De La Palma,349,334,421,334,0,0,0,0,0,149,760,761,508,820,893,673,35,0,0,0,0,325,1136,900,659,551,280,0,0,0,0,0,0,57,486,367,345,340,249,402,441,348,441,445,518,673,0,402
Santiago,0,0,0,0,0,0,0,0,0,0,0,0,0,0,0,0,0,0,0,0,0,0,0,0,0,0,29,0,0,0,0,0,0,0,0,0,0,12,0,0,0,0,0,0,0,0,0,0
Santiago De Compostela,117,0,437,1703,1543,1887,4273,2792,2286,1785,0,308,255,0,0,1764,1768,2415,3447,2972,2042,1538,0,305,206,0,0,0,0,0,636,612,0,0,0,241,28,0,0,0,332,0,2531,1096,308,1764,0,0
Santorini,0,0,0,0,1211,1953,2538,2490,2399,1372,0,0,0,0,0,0,1886,1999,2660,2383,2639,1681,0,0,0,0,0,0,0,20,2179,1631,1547,947,0,0,0,0,0,0,1043,1116,2609,2159,2246,0,0,0
Sao Paulo,6416,7082,8571,8353,8801,9500,10119,9061,9158,10074,8591,9438,9385,8102,7854,8980,8661,8324,10181,9817,9609,10138,9512,9725,9993,9058,5235,0,0,0,741,736,639,1081,2105,6839,2052,1611,1129,686,732,980,4174,3224,4330,8980,0,686
Sarajevo,0,0,227,1203,962,812,1461,1031,860,695,0,0,0,0,143,1000,771,1052,1204,1028,832,691,0,0,0,0,0,0,0,0,0,0,0,0,0,0,0,0,0,0,306,1641,2268,1771,781,1000,0,0
Sevilla,1394,1637,1838,1948,1864,1587,1135,918,1623,1541,1614,1627,1107,1653,2018,2540,1899,1436,0,0,1869,1765,1308,960,634,925,434,0,0,0,0,0,0,0,0,0,0,0,0,90,338,0,0,0,142,2540,0,90
Shanghai Pudong International,4303,4460,5902,4850,5491,5874,6222,6322,5282,6280,5238,5680,4978,4538,5107,4951,6071,5950,6576,6127,5204,6350,5064,5274,4813,0,0,0,0,0,486,1222,907,922,1040,673,917,248,642,998,1147,992,898,1244,856,4951,0,998
Shannon,0,0,0,0,0,183,384,102,0,0,0,0,0,0,0,0,0,0,0,0,0,0,0,0,0,0,0,0,0,0,0,0,0,0,0,0,0,0,0,0,0,0,0,0,0,0,0,0
Sharm El Sheikh International,362,548,748,520,500,389,703,550,567,707,693,516,387,526,709,541,822,676,1115,1120,1053,1050,646,443,358,473,188,0,0,0,0,0,0,482,372,509,581,526,539,1299,485,312,662,516,659,541,0,1299
Shenzhen,0,0,0,0,0,0,0,258,944,1181,771,1001,1217,1359,1586,1051,1021,1084,1173,1302,1081,1396,1217,1391,1057,196,0,0,0,0,0,0,0,0,0,0,0,0,0,0,0,0,0,0,0,1051,0,0
Singapore,18565,16944,19132,18818,15269,19596,23397,21890,21427,23194,17050,22652,21344,18982,18455,20244,17334,20357,24277,22980,21966,23791,18120,22604,21512,17097,7157,26,17,149,513,386,344,446,431,515,622,366,497,486,374,447,1002,1029,1239,20244,26,486
Sion,0,149,0,0,0,0,0,0,0,0,0,0,0,180,0,0,0,0,0,0,0,0,0,0,0,0,0,0,0,0,0,0,0,0,0,0,0,0,0,0,0,28,0,0,0,0,0,0
Skiathos,0,0,0,0,0,0,0,0,0,0,0,0,0,0,0,0,0,0,0,0,0,0,0,0,0,0,0,0,0,0,0,0,0,0,0,0,0,0,0,0,0,0,122,71,0,0,0,0
Skopje Alexander the Great,5399,4979,6567,9873,6179,5585,9260,5907,5862,6572,4919,6392,5236,4680,5849,8258,5249,5027,8050,5572,5032,5707,5395,5961,5614,5959,3144,107,0,0,2028,755,782,1010,2894,4376,3229,3659,2229,1158,4667,4141,9299,5354,2440,8258,107,1158
Sofia,794,856,1093,1449,1610,1230,1877,1266,1319,1252,887,1809,1049,1044,1202,1886,1707,1466,2031,1663,1476,1506,1149,1897,1342,903,746,304,703,1454,1730,1494,1129,1100,1005,1504,787,809,976,962,644,635,1855,1291,919,1886,304,962
Split,0,0,131,532,2791,3999,5110,4196,4316,1688,0,0,0,0,0,1003,3003,4527,5668,4494,4048,1701,0,0,0,0,0,0,0,1398,3289,2034,313,20,0,0,0,0,0,0,83,1692,4822,3842,2528,1003,0,0
St Petersburg,2333,1990,2896,4075,4437,4616,5457,4875,4190,3341,2120,2697,2081,1826,2730,3855,4685,4142,5186,4896,4346,3332,2683,2896,2743,2616,924,0,0,0,0,0,0,0,44,375,221,0,91,644,407,457,1249,438,413,3855,0,644
St. Gallen-Altenrhein,0,0,0,0,0,0,0,0,0,0,0,0,0,0,0,0,9,0,0,0,0,0,0,0,0,0,0,0,0,0,0,0,0,0,0,0,0,0,0,0,0,0,0,0,0,0,0,0
Stockholm,14506,12774,18631,17336,18343,19411,22170,20814,16605,15097,12915,13449,13120,12981,16686,16770,16416,18704,21962,20711,17311,14954,14352,15406,14896,14995,6619,538,1051,2092,3339,5770,4373,4927,3036,3528,2387,948,1049,1565,1446,3493,13297,14743,10046,16770,538,1565
Stuttgart,5370,5196,6542,7391,7237,8046,6986,5827,8317,7014,6172,5906,5093,4399,6331,7094,6933,8130,6848,7090,8984,6796,7474,6790,5437,3555,1011,0,0,0,0,0,0,0,0,0,0,0,0,0,0,0,0,2295,1669,7094,0,0
Sydney,0,0,0,0,0,0,0,0,0,0,0,0,0,0,0,0,0,0,0,0,0,0,0,0,0,0,0,15,0,0,0,0,0,0,0,0,0,0,0,0,0,0,0,0,0,0,15,0
Tallinn,0,0,0,0,0,0,0,0,0,0,0,0,0,0,0,0,0,0,0,0,0,0,0,0,0,0,0,0,0,0,0,0,0,0,0,0,0,0,0,0,0,0,1656,2301,1310,0,0,0
Tampa,1118,685,940,2354,961,1602,2662,2193,1497,2272,866,1093,595,600,991,1616,1343,1495,2641,1615,1068,1115,1332,1090,884,1246,167,0,0,0,0,0,0,0,0,0,0,0,0,0,0,0,0,0,0,1616,0,0
Taranto,0,0,0,0,0,0,0,0,0,0,0,0,0,0,0,0,0,0,0,0,0,9,0,0,0,0,0,0,0,0,0,0,0,0,0,0,0,0,0,0,0,0,0,0,0,0,0,0
Tel Aviv,13061,16245,19204,19159,17972,18098,20597,26399,19090,20753,15050,17422,12578,15572,19654,21112,21590,18869,22137,21600,20486,20481,16367,19258,13278,15118,3382,0,0,10,650,1465,856,1135,585,871,299,4,238,919,1138,3340,7607,10456,6893,21112,0,919
Tenerife,4163,4304,4730,6021,3748,4002,5874,4864,4540,6742,5183,4938,4088,4623,4724,4916,3178,3482,4175,3757,3956,4297,5254,5021,4674,4772,1308,3,0,0,2243,1519,709,460,915,1533,603,0,515,1833,1829,1918,4703,3683,3206,4916,3,1833
Thessaloniki,213,0,274,1089,1254,3297,4539,3735,3287,2234,0,404,144,0,32,2018,2207,2421,4204,3486,3184,2051,0,213,351,0,0,0,0,548,3974,2488,1631,1703,33,208,53,0,0,310,1216,2696,7075,5109,3937,2018,0,310
Tirana,0,0,0,0,0,0,0,0,0,0,0,0,0,0,0,1264,1031,1009,1278,943,1082,860,0,0,0,0,0,0,254,264,741,234,17,0,0,0,0,0,0,0,653,900,1355,755,629,1264,0,0
Tivat,0,0,0,0,0,0,0,0,0,0,0,0,0,0,0,0,0,0,0,0,0,0,0,0,0,0,0,0,0,0,0,0,0,0,0,0,0,0,0,0,0,0,732,280,0,0,0,0
Tokyo,4840,5359,6613,6046,6228,6157,6679,6263,6361,6544,5295,5456,5533,5404,6332,6023,6236,5973,6155,6369,6024,6164,5779,5654,4968,7621,2898,0,0,110,267,185,196,386,361,498,177,102,305,191,165,326,1682,913,532,6023,0,191
Toronto,5418,4767,8256,7006,7054,8125,12087,11929,10066,6883,4052,6715,7191,6318,7710,8280,8124,9230,11980,11917,9009,7172,5895,7731,7250,6600,3990,0,227,484,1102,1696,1627,995,579,0,0,0,0,0,0,0,0,3810,5510,8280,0,0
Tromsö,544,844,83,0,0,98,395,144,0,0,0,336,546,867,157,0,0,124,579,176,0,0,0,162,340,719,59,0,0,0,290,267,0,0,0,0,0,0,0,0,0,0,0,0,0,0,0,0
Tunis,856,609,745,551,297,1028,741,733,678,1019,1153,1259,877,1071,1111,948,1299,1656,1470,993,974,1102,1422,1405,1167,1297,381,15,0,398,1428,612,771,224,0,25,0,0,227,687,254,837,309,409,383,948,15,687
Turku,0,0,0,0,0,0,0,0,0,0,0,0,0,0,0,0,0,0,0,0,0,0,0,71,0,0,0,0,0,0,0,0,0,0,0,0,0,0,0,0,0,0,0,0,0,0,0,0
Tuzla,0,0,0,8,0,0,0,0,0,0,0,0,0,157,0,0,0,0,0,0,0,0,0,0,0,0,0,0,0,0,0,0,0,0,0,0,0,0,0,0,0,0,0,0,0,0,0,0
Ufa,0,0,0,0,0,0,0,0,0,0,0,0,0,0,0,0,0,0,0,0,0,0,0,57,0,0,0,0,0,0,0,0,0,0,0,0,0,0,0,0,0,0,0,0,0,0,0,0
Valencia,5981,7501,9976,11445,10228,9917,16794,14795,11657,11003,6950,7046,5107,6455,8693,10780,9743,10399,16609,15150,11518,10402,7433,7370,5478,6623,2686,0,51,1114,5170,1489,419,596,1014,1934,782,275,1159,2737,3672,4601,8207,6251,6944,10780,0,2737
Vancouver,0,0,0,0,1388,5988,8226,8507,5069,1135,0,0,0,0,0,0,1666,7284,10387,10820,6669,1701,0,0,0,0,0,0,0,0,0,0,0,0,0,0,0,0,0,0,0,0,0,0,0,0,0,0
Varadero,0,0,0,0,0,0,0,0,0,0,1268,1097,985,1113,1255,437,0,0,0,0,0,0,0,940,955,1159,633,0,0,0,0,0,0,0,0,0,0,0,0,0,0,0,0,0,0,437,0,0
Varna,0,0,0,0,0,0,760,531,0,0,0,205,0,0,0,0,0,11,939,562,0,0,0,0,0,0,0,0,0,0,533,289,0,0,0,0,0,0,0,0,0,0,617,362,0,0,0,0
Venice,7062,8307,10294,10993,12027,10572,12425,10653,11687,11200,9255,9809,6937,6502,9088,11026,12178,11317,12976,12130,12116,11440,8973,7876,6136,6678,325,0,0,0,2418,2509,2681,1410,44,342,47,0,70,48,588,2235,4277,4386,5933,11026,0,48
Vilnius,0,0,0,0,0,0,0,0,0,0,0,0,0,0,0,0,0,0,0,0,0,0,0,0,0,0,0,0,0,0,0,0,0,0,0,0,0,0,38,0,0,0,0,0,0,0,0,0
Warszawa,10035,10899,12459,11868,13141,13858,14596,13343,13095,13185,11716,13109,10662,11545,13092,13199,14498,13079,15238,13139,13547,12889,12359,13724,11420,12610,4183,88,0,0,2951,4283,4692,4988,3136,4043,1692,2220,2985,2243,3288,5495,9027,9105,8106,13199,88,2243
Washington,4104,2577,4814,4752,5173,5470,6509,6282,5301,5746,4286,5739,4926,3327,5142,5504,4807,5325,6504,6134,5423,5684,4084,5230,4725,3154,1954,0,0,0,889,1313,1027,1026,805,1413,366,0,611,679,1396,1825,3765,4374,3789,5504,0,679
Westerland,0,0,0,168,367,555,1676,1407,897,394,0,184,148,0,74,855,915,1459,1814,1761,1210,812,0,200,34,0,0,0,0,282,1226,1213,1031,702,0,0,0,0,0,0,97,491,1422,1194,1058,855,0,0
Wien,29409,31670,41235,46460,45297,44871,46876,39052,43768,42414,40568,40927,29419,30704,37635,44962,44679,41258,44138,36077,41307,41023,37857,40635,27774,28801,10998,0,0,5146,15248,13247,9630,4601,4044,6525,4650,4374,5238,5707,7884,12489,17317,16584,19482,44962,0,5707
Wroclaw,797,865,1016,919,920,993,1006,839,803,914,1195,1262,809,1007,1083,941,1096,904,1274,1078,1014,970,1168,1467,836,1108,223,0,0,0,0,0,0,0,0,0,0,0,0,0,0,0,619,493,533,941,0,0
Wuhan,0,0,0,0,0,0,0,0,0,0,0,0,0,0,0,0,0,0,0,0,0,0,0,0,0,0,0,0,0,0,0,0,0,0,0,0,0,0,0,0,79,0,0,0,0,0,0,0
Yaoundé Nsimalen International,0,0,0,0,0,0,0,0,0,0,0,0,0,0,0,0,0,0,0,0,0,0,0,0,0,0,11,0,0,0,0,0,0,0,0,0,0,0,0,0,0,0,0,0,0,0,0,0
Yerevan,0,0,0,0,0,0,0,0,0,0,38,0,0,0,0,0,0,0,0,0,0,0,0,0,0,0,0,0,0,0,0,0,0,0,0,0,0,0,48,0,0,0,0,0,0,0,0,0
Zadar,0,0,0,0,270,542,926,719,920,200,0,0,0,0,0,0,97,532,576,546,397,148,0,0,0,0,0,0,0,0,0,0,0,0,0,0,0,0,0,0,0,0,0,0,86,0,0,0
Zagreb,3552,3330,3917,5025,5085,5270,5989,4783,5150,4577,3624,3947,3169,3365,3894,4651,4450,4776,5804,4269,4639,4436,3813,3768,3195,3253,1873,0,0,1758,2855,1823,811,311,444,510,340,454,603,662,861,1730,2568,2273,2403,4651,0,662
Zakinthos,0,0,0,0,627,1183,1395,1290,1189,563,0,0,0,0,0,0,1008,1195,1396,1411,1378,805,0,0,0,0,0,0,0,0,1299,1071,874,392,0,0,0,0,0,0,317,792,1376,1282,1240,0,0,0
Zürich,0,0,0,0,0,0,0,0,0,0,0,82,0,0,0,120,120,111,0,0,0,0,74,0,0,217,0,0,0,0,0,0,0,0,0,33,21,0,0,0,0,0,0,0,0,120,0,0
